{
  "en": 0.769231,
  "fr": 0.230769
}